protein_module_name,psp_uniprot_count,backup_uniprot_count
--cat,0,1
14-3-3,0,0
14-3-3ζ,0,0
14-3-3σ,0,0
40S,0,0
43S,0,0
48S,0,0
4E-BP,0,0
4E-BP1,0,0
4E-BP1/2,0,2
4OS,0,0
60S,0,0
[cAMP][Ca,0,1
A20,1,0
ABCA1,1,1
ABCA7,1,0
ABIN,1,0
Abl,1,1
AC,0,0
ACC,0,0
AceCS1,1,0
ACF1,0,1
Acinus,1,0
ACL,0,0
ACSS2,0,1
Actin,6,0
Actinin,4,0
ADAM/TACE,0,1
ADAM10,1,0
ADAM10/ ADAM17,1,0
ADAM17,1,0
ADAMTS1,1,0
ADAP,1,0
ADAR,0,1
ADF,7,0
Afadin,1,0
Ag,0,0
AIF,1,0
AIM2,1,0
AIP4,0,0
Ajuba,1,0
Ajuba/LIM,0,1
Akt,3,3
Akt/PKB,0,3
Akt2,0,1
ALFY,0,0
ALKBH5,0,1
Ambra1,0,1
AMFR,0,1
AMOT,1,0
AMPAR,4,0
Amphiphysin,0,0
AMPK,7,2
AMPKα,0,2
ANGP2,0,1
Ankyrin G,0,0
ANT,0,0
"AOF1/KDM1B (Me1,2)",0,1
AP-2,0,0
AP180,0,1
AP2,0,0
Apaf-1,0,0
Apaf1,1,0
APC,1,0
APE1,1,0
aPKC,2,8
APO-2L/TRAIL,0,1
APO-3L/TWEAK,0,0
ApoE,0,1
APOE4,1,0
APP,1,0
APS,0,2
APTX,1,0
ARD1,0,3
ARD1A,2,0
ARF,0,1
ARF6,1,0
Arginase,1,0
ARHGAP1,1,0
ARID1A/B,0,1
ARID2,0,1
Arp2/3,0,2
"ARP4,5,8",0,2
Artemis,1,0
Arts,1,0
AS160,1,0
ASC,1,0
ASCT2/SLC1A5,0,1
"ASH1L/KMT2H (Me1,2)",0,1
"ASH1L/KMT2H (Me1,2,3)",0,1
ASK1,1,1
ASK1/2,0,1
Ataxin-1,0,0
ATF,1,0
ATF-2,0,1
ATF1,1,0
ATF2,0,1
ATF4,1,1
ATF6-N,0,0
ATF6α,0,1
Atg10,0,1
Atg12,0,1
Atg13,1,1
Atg14,1,1
Atg16L1,0,1
Atg3,0,1
Atg4,0,0
Atg5,0,1
ATG6,1,0
Atg7,0,1
Atg9α,0,0
ATGL,0,1
ATM,1,0
ATM/ATR,0,1
ATP-Citrate lyase,0,0
ATR,1,1
ATRIP,1,0
AurA,0,1
Aurora A,0,0
Aurora B,1,2
Axin,2,0
Axin1,1,0
B-Raf,0,0
Bad,1,0
BAF155/170,0,1
BAF45B/C/D,0,1
BAF47,0,1
BAF53A,0,1
BAF53A/B,0,1
BAF57,0,1
BAF60A,0,1
BAF60A/B/C,0,1
Bak,1,0
Bam32,1,0
Bax,1,0
BCAP,1,0
Bcl-2,0,0
Bcl-3,0,0
Bcl-6,0,0
Bcl-xL,0,0
Bcl10,1,0
BCL2L13,0,1
BCL7A/B/C,0,1
Bcl9,2,0
BCR,2,0
BDP1,0,1
Beclin,0,0
Beclin-1,0,0
Bfl-1,0,0
BID,1,0
Bim,1,0
BIN1,1,0
BiP,1,1
BLNK,1,0
Bmf,0,1
BMI1,1,0
BMP,14,0
BNIP3,0,1
BNIP3L/NIX,0,1
BNP3L,0,0
Bora,1,0
BPTF,1,0
BRCA1,1,1
BRCA2,1,0
BRD4,1,0
BRD7,0,1
BRD9,0,1
Brg1,0,1
BRG1/BRM,0,1
Btk,1,0
BTrCp,1,0
BUB1,1,0
c-Abl,0,1
c-Cbl,0,1
c-Fos,0,1
c-IAP,0,0
c-IAP1/2,0,0
c-Jun,0,1
c-Myc,0,1
C-Myc/N-Myc,0,0
c-Raf,0,3
C-TAK1,0,0
C/EBPβ,0,0
C3G,1,0
CAD,1,0
Cadherin,4,0
CAF1,0,1
Calcineurin,5,0
Calmodulin,1,0
Calpain,3,0
CaM,41,1
CaMK,9,2
CaMKI,6,0
CaMKII,4,0
"CaMKII,-IV",0,0
CaMKIV,1,0
CaMKK,0,0
CAP,0,1
CapZ,5,0
Cardiolipin,0,0
CARM1 (Me2a),0,1
CARMA1,0,1
CAS,0,2
Casp-12,0,0
Casp-2,0,0
Casp-3,0,0
"Casp-3,-6,-7",0,0
"Casp-3,-9",0,0
Casp-6,0,0
Casp-7,0,0
Casp-8,0,0
"Casp-8,-10",0,0
"Casp-8,10",0,0
Casp-9,0,0
CASP3/9,0,1
Caspase 1,0,0
Caspase 8,0,0
Caspase-1,0,0
Caspase4/5/11,0,0
CASS4,1,0
Cathepsin B,1,0
Cathepsins,1,0
Cav,0,1
Caveolin,3,0
Cbl,3,0
CBLL1/HAKAI,0,1
CBP,1,2
CBP/KAT3A,0,2
CBP/p300,0,1
Cbp/PAG,0,1
CD14,1,0
CD19,1,0
CD22,1,0
CD28,1,0
CD2AP,1,0
CD33,1,0
CD4,1,0
CD40,2,0
CD44,1,0
CD45,1,0
CD63,1,0
cdc2,1,1
"cdc2, c-Myc, p107,",0,1
cdc25,1,1
CDC25A,1,0
CDC37,1,0
cdc42,2,0
CDK,1,0
Cdk1,1,0
CDK2,1,0
CDK4/6,0,1
CDK5,1,1
CDK7,1,0
CDON/BOC,0,1
CF1,0,0
CFII,0,0
cGAS,1,0
"CHD3,4",0,1
Chibby,3,0
CHK1,1,1
Chk1/2,0,1
CHK2,1,0
CHOP,1,0
CHRAC15,0,1
CHRAC17,0,1
cIAP,2,0
cIAP1/2,0,0
CIN,1,0
CIN85,0,1
Cip1,0,2
Cip4,1,0
CIP4/2,0,1
CIR,1,0
CK1,6,0
CK2,3,0
CLASP,1,0
Clathrin,4,0
CLIP,3,0
CLIP170,0,0
"CLLD8/KMT1F (Me1,2)",0,1
CLOCK/KAT13D,0,1
CLU,1,0
Cofilin,2,0
Collagen 1,13,0
Collybistin,0,0
Complexin,0,0
CoREST,0,0
Cortactin,1,0
Cot,1,0
Cox2,1,0
cPLA2,0,1
CPSF,0,0
CPT1,0,3
CR1,1,0
Crb,0,0
CREB,1,0
CREM,1,0
CreP,0,0
Cripto,1,0
Crk,1,1
CrkII,0,0
CrkL,1,0
Crkll,0,0
CRMP2,1,0
CRTC2,0,1
CRY1,0,1
Csk,1,0
CSL,1,0
CSTF,0,0
CtBP1,1,0
CTD,0,0
CTGF,1,0
CtIP,1,0
CTMP,1,0
CTSD,0,1
CUL1,0,1
Cul2,1,0
Custom Ellipse,0,0
CXCL10,0,1
CXCR4,1,0
Cyclin,0,0
Cyclin A,0,0
Cyclin B,3,0
Cyclin D,0,0
Cyclin D1,1,0
Cyclin E,1,0
CYLD,1,0
Cyto c,0,0
DAI,1,0
DAPK,1,0
DAPK3,0,1
DARPP-32,0,0
DAT,0,0
Daxx,1,0
DCP1,0,1
DCP2,0,1
DCP5,0,0
DDX3X,0,1
DDX41,1,0
DDX5,0,1
Deltex,4,0
DEPDC5,0,1
DEPTOR,1,0
Desmoplakin,1,0
DFF40,1,0
DFF45,1,0
Dhh,1,0
DHHC-12,0,0
DHX29,1,0
DISP1,0,1
DJ-1,0,0
DKC1,0,1
DKKs,0,0
DLC2,1,0
Dlgh1,1,0
DLK,1,0
DMAP1,0,1
DNA Ligase III,0,0
DNA-PK,1,0
DNMT1,0,1
DNMT3A/B,0,1
DNMT3L,0,1
Dok,5,0
Dok-1,0,0
Dok-3,0,0
Dopa Decarboxylase,1,0
"DOT1L/KMT4 (Me1,2,3)",0,1
DP-1,0,0
DR3 APO-3,0,1
DR4/5,0,1
DR6,0,1
DRP1,0,3
DUBA,0,0
DUBs,0,0
DUSP6,0,1
DUSPs,0,10
Dvl,3,0
Dynamin,3,0
Dyrk1A,0,1
Dystrobrevin,0,0
Dystrophin,0,0
E-Cadherin,0,0
E-Ras,0,0
E1,1,0
E2,1,0
E2F,8,0
E3,1,0
EAAT,0,0
EB1,1,0
ECM,0,1
ECSIT,1,0
Ect2,0,1
EDC3,0,1
EEA1,1,0
eEF1,6,0
eEF2,1,1
eEF2K,1,0
EGF,1,0
EGFR,0,1
EGFR/ErbB-1,0,1
EGFR/ErbB1,0,1
Egr-1,0,0
EHBP1,0,1
EHD1,0,1
"EHMT1/KMT1D (Me1,2)",0,1
eIF-4E,0,0
eIF1,1,0
eIF1A,1,0
eIF2,0,1
eIF2 γ,0,1
eIF2B,1,0
eIF3,15,0
eIF4A,0,1
eIF4B,1,0
eIF4E,1,0
eIF4F,3,0
eIF4G,1,1
eIF4H,1,0
eIF5,3,0
eIF5B,0,1
eIF6,1,0
EJC,0,0
ELAVL,0,0
elF4A,0,0
elF4E1,1,0
Elk,1,0
Elk-1,0,1
ELKS,2,0
ELP3,2,1
Ena,1,0
ENaC,0,0
Endo G,0,1
eNOS,1,0
EPAC,1,0
Eph,15,1
EphR,0,0
Epsin,2,0
ER,0,0
ER81,1,0
ERBB4,0,1
ERCC1-XPF,1,0
eRF1,1,0
eRF3,2,0
Erk,5,2
Erk1,0,1
Erk1/2,0,1
ERK5,1,0
ERM,0,1
ERα,0,0
"ESET (Me1,2)",0,1
Ets,2,0
Ets-1,0,0
ETS1,1,0
Ets2,1,0
ETV1,1,0
EX01,1,0
"EZH1 (Me1,2)",0,1
"EZH2 (Me1,2,3)",0,1
Ezrin,1,0
FADD,1,0
FAK,1,0
FAN1,1,0
FANCD,1,0
FANCD2,1,0
FANCI,1,0
FANCM,1,0
FAS,0,1
Fas/CD95,0,1
Fascin,1,0
FASL,1,0
FASN,0,1
FBX7,1,0
FBXL10/KDM2B (Me2),0,1
FBXL11/KDM2B (Me2),0,1
FcγRIIB1,0,0
FGFR,1,0
Fgr,0,1
Fibronectin,1,0
FIH,0,0
Filamin,3,0
Filamin A,1,0
FIP200,1,0
FIS1,0,1
FKBP12,1,0
FKBP8,0,1
FLCN,0,1
FLIP,1,0
Flotillin,0,0
FNIP1/2,0,1
Formin,0,0
FOS,1,0
FoxC2,1,0
FoxO,3,0
FoxO1,1,0
FoxO1/3,1,0
FoxO3,1,0
FoxO4,0,1
Fringe,3,0
Frizzled,10,0
FRMD6,0,1
FTO,0,1
FUNDC1,0,1
Furin,1,0
Fyn,1,1
G13,0,1
"G9a/EHMT2 (Me1,2)",0,1
Ga,5,0
Gab,1,0
Gab1,1,0
GAB2,1,0
GABAAR,0,0
GABAR,0,0
GABARAP,0,1
GADD34,1,0
GADD45,1,0
GADD45α,0,1
GADS,0,1
Gai,0,0
Gao,0,0
GAS2,0,1
Gasdermin,0,0
GCase,0,0
GCK,1,0
GCN2,1,0
GCN5,1,0
GCN5L2,1,0
GCN5L2/KAT2A,0,1
GDH,0,1
GEF,10,0
Gelsolin,1,0
GEP100,1,0
GFAT,0,1
GFR,1,0
GIT1/2,0,1
Giβγ,0,0
GKAP,0,1
GLI1/2-Act,0,1
GLI1/2/3,0,1
GLI2/3-R,0,1
GLI3-R,0,0
GLS,1,0
GLTSCR1/1L,0,1
Glucose Transporters,0,0
Glut1,0,1
Glut4,0,1
Glutaminase,0,0
GLYR,0,0
gp130,1,0
Gq,0,0
GRASP,0,1
GRB10,1,0
GRB2,1,1
GRB2/ SOS2,1,0
GRIP1,0,1
GRK2,1,0
GRK2/5,0,1
Groucho,7,0
GRP78BP,1,0
GS,0,0
GSDMD,0,1
GSK-3,0,2
GSK-3-,0,2
GSK-3α/β,0,2
GSK-3β,0,2
GSKβ,0,0
GTP,0,0
Gα,4,0
Gα GTP,0,0
Gα12/13,0,0
Gαi,0,0
Gαi/o,0,0
Gαq,0,0
Gαq/11,0,0
Gαq/o,0,0
Gαs,0,0
Gβ1,0,0
GβL,0,0
Gβγ,0,0
H2AX,0,1
H3,2,0
H3 Histone,0,0
H3K9Me2/3,0,0
H4,3,0
HAT,15,0
HAT1,0,1
HATs,15,0
HDAC,11,0
HDAC Complex,0,0
HDAC1,0,1
"HDAC1,2",0,1
HDAC2,0,1
HDAC4,0,1
HDAC5,0,1
HDAC7,0,1
HECTH9,1,0
HER2/ErbB2,0,1
HER2/ICD,1,0
HER3/ErbB3,0,1
HER4,1,0
HER4/ErbB4,1,0
Hexokinase,0,0
HexokinaseII,0,0
Hh,0,0
HhN,0,0
HIF-1,0,2
HIF-1-,0,2
HIF-1α,0,2
HIF-1β,0,2
HIF-α,0,0
HIF-β,0,0
HIF1α,0,1
HIF1β,0,1
HIPK2,1,0
Histone H3,2,0
HK,0,0
HMGB1,0,1
HMGCR,0,1
HMGN1,0,1
HNF4α,0,1
HNRNP,0,0
HNRNPA2B1,1,0
HNRNPC,0,1
HNRNPG,0,0
HOIL1,1,0
HOIP,1,0
Homer,0,0
HP1,3,0
HPK1,1,1
HRI,0,1
Hrk,0,1
HRS,1,0
HS1,1,0
HSF1,1,0
HSL,0,0
HSP27,1,0
HSP60,1,0
HSP70,1,0
HSP90,2,0
HtrA2,1,0
Huntingtin,1,0
Hyularunan,0,0
I B-,0,2
ICAT,1,0
ICD,1,0
ICIS,0,0
IDH1,0,1
IDH2,1,0
IFI16,1,0
IGF-IR,0,0
IGF2BP1,0,1
IGF2BP2,0,1
IGF2BP3,0,1
IGFR,1,0
Ihh,1,0
IKB,4,0
IKBα,0,0
IKBα/β/θ,0,0
IKBα/θ,0,0
IkBζ,0,0
IKK,4,0
IKK β,0,0
IKKß,0,0
IKKα,1,0
IKKα/β,0,0
IKKα/β/γ,0,0
IKKβ,1,0
IKKγ,0,0
IKKγ/Nemo,1,1
IKKε,1,0
IKβα,0,1
IL-18,0,0
IL-1R,0,0
IL-1β,0,0
IL-6/IL-1β,0,0
IL-6R,0,0
ILK,1,0
IMP,1,0
Importin β1,0,0
Inactive X Chromosome,0,1
ING2,1,0
INO80,0,1
INO80B,0,1
INO80C,0,1
INO80D,0,1
INO80E,0,1
iNOS,0,0
INPP4,0,0
INPP5D (SHIP1),0,1
INSIG1,0,1
Integrin,26,0
Integrins,1,0
IP3R,0,0
IQGAP,3,0
IRAK-1,0,0
IRAK-2,0,0
IRAK-4,0,0
IRAK-M,0,0
IRAK1/4,0,1
IRE1α,0,1
IRF-3,0,0
IRF-7,0,0
IRF3,1,0
IRS,0,0
IRS-1,0,1
IRSp53,1,0
ISRE,0,0
ITCH,1,1
Itk,0,1
IκB,0,2
Iκβα,0,0
Jak,3,0
Jak1,1,0
"JARID1A/KDM5A (Me2,3)",0,1
"JARID1B/KDM5B (Me2,3)",0,1
"JARID1C/KDM5C (Me2,3)",0,1
"JARID1D/KDM5D (Me2,3)",0,1
"JHDM1D/KDM7A (Me1,2)",0,1
"JIP1,",0,1
"JMJD1A/KDM3A (Me1,2)",0,1
"JMJD1B/KDM3B (Me1,2)",0,1
"JMJD1C/KDM3C (Me1,2)",0,1
"JMJD2A/KDM4A (Me2,3)",0,1
"JMJD2B/KDM4B (Me2,3)",0,1
"JMJD2C/KDM4C (Me2,3)",0,1
"JMJD2D/KDM4D (Me2,3)",0,1
"JMJD2E/KDM4DL (Me2,3)",0,1
"JMJD3/KDM6B (Me 2,3)",0,1
JNK,3,3
JNK1,0,1
JNK1/2,0,1
JNK1/2/3,0,1
JNK2,1,0
JNK3,1,0
Jun,0,1
Kaiso,1,0
KCTD11,1,0
"KDM4E (Me2,3)",0,1
KDM5A,1,1
Keap1,0,1
KIBRA,1,0
KIF7,0,1
KSR,2,1
Ku,0,0
Ku70/Ku80,2,0
LAB,1,0
Lamin A,0,0
Lamin A/C,0,0
LaminB1,0,0
LAMTOR,0,5
LAMTOR1,1,0
LAMTOR2,1,0
LAT,1,0
LAT/LaT2,1,0
LATS1/2,0,1
LC3,3,0
LC3-I,0,0
LC3-II,0,0
LC8,1,0
Lck,1,0
LDHA,0,1
LEF/TCF,0,0
Lef1/Tcf1,0,1
LGP2,2,0
LGR5/6,0,1
LIG1/3,2,0
LIG4,1,0
LIMK,2,1
LIN28A/B,0,1
Lipin 1,0,1
Lipin1,1,0
LKB1,1,0
LL5β,0,0
LOX/LOXL,0,1
LRP,12,0
LRP5/6,0,1
LRRK2,0,1
"LSD1/KDM1A (Me1,2)",0,1
LSM1-7,0,0
LUBAC,0,0
LXRα,0,0
Lyn,1,1
macro H2A 1.1/1.2,0,0
Mad1,1,0
Malic Enzyme,0,0
MALT1,1,0
MAML,3,0
MAP1b,3,0
MAPK,5,0
MAPK4Ks,0,0
MAPKAPK,2,0
MAPKAPK-2,0,1
MAPKAPK-3,0,1
MAPKAPK2,0,1
MAPKKKs,0,0
MARCKs,1,0
MARK,4,0
MARK2,1,0
MARK4,0,1
MAVS,1,0
Max,1,0
MBD1,0,1
"MBD2,3",0,1
MBD2/4,0,1
MBS85,0,1
MCAF,0,1
MCAK,1,0
Mcl-1,0,0
MCP-1,0,0
MCRS1,0,1
MDA-5,0,0
MDGA1,0,1
mDIA,1,1
mDIA1,1,0
MDM2,1,1
MDM4,1,0
ME,0,0
MeCP2,0,1
MEF2,0,1
MEF2A,1,0
MEF2C,1,0
MEK,1,2
MEK1,1,0
MEK1/2,1,1
MEK5,1,0
MEKK,18,0
MEKK-1,0,0
MEKK1,1,0
MEKK1-4,0,4
MEKK2/3,0,1
MEKKs,0,0
Mena/VASP,1,0
METTL1,1,0
METTL14,0,1
METTL16,0,1
METTL3,0,1
MFF,0,1
MFN1,0,1
MFN2,0,1
mGluR,0,1
Mical,3,0
MIG6,1,0
MILTON,0,0
Mios,0,1
MIRO,0,0
MITF,1,0
MKK 3/6,0,2
MKK 4/7,0,0
MKK1,0,0
MKK3/4/6,0,1
MKK3/6,0,1
MKK4,1,1
MKK4/7,0,1
MKK7,1,0
MKKs,0,1
MKP-1/2,0,0
MKP-3,0,0
MLC,1,0
MLCK,1,0
MLH1,1,0
MLK2/3,0,1
MLKL,1,0
MLKs,0,0
"MLL1/KMT2A (Me1,2,3)",0,1
"MLL2/KMT2B (Me1,2,3)",0,1
MLL3/KMT2C (Me1),0,1
MLL4/KMT2D (Me1),0,1
MMP,23,0
MMP-13,0,0
MMP-14,0,0
MMP-2,0,0
MMP-3,0,0
MMP-7,0,0
MMP-8,0,0
MMP-9,0,0
MMP3,1,1
MMP7,1,0
MMPs,23,0
MNK,2,0
Mnk1,1,0
MNK1/2,0,1
MO25α,0,1
MOB1,2,0
MOF,1,0
MORF/KAT6B,0,1
MOZ/KAT6A,0,1
MP,0,0
MP1,0,1
Mre11,1,0
MRN,0,0
MRTF,2,0
MS4A4E,1,0
MS4A6A,1,0
MSH2,1,0
MSH6,1,0
MSK1,1,0
"MSK1,2",0,1
MSK1/2,0,1
MST1,0,1
MST1/2,0,1
"MTA1,2,3",0,1
MTMR,2,0
mTOR,1,1
Muc1,1,0
Munc13,0,0
Munc18-1,0,0
Myc,2,1
MyD88,1,0
Myosin,0,0
MYPT1,1,1
MYST1/KAT8,0,1
MYST2/KAT7,0,1
Myt1,1,0
N-Cadherin,0,0
N-CoR,0,0
NAIPs,21,0
NAK,1,0
Naked,2,0
Nanog,1,0
NAP1,1,0
NatA,0,0
NBR1,0,1
NBS1,1,0
NCB,0,0
NCK,1,1
Nck1,1,0
NcoR1,0,1
NDP52,0,1
Nectin,1,0
NEDD1-4,0,0
NEDD4,1,0
NEK7,1,0
NEMO,0,1
Neur or Mib,0,1
Neurexin,0,0
Neuroligin 1/3,0,0
Neuroligin 2,0,0
Neuroligin 3/4,0,0
Neuropilin,2,0
NF--B,0,2
NF-KB,0,0
NF-KB p100,0,0
NF-KB p50,0,0
NF-KB p50/52,0,0
NF-KB p65,0,1
NF-kB1,0,0
NF-KB1 p50,0,0
NF-kB2 p100,0,0
NF-κB,0,2
NF-κB2,0,0
NF-κB2 p52,0,0
NF2,0,1
NFAT,6,0
NFAT4,1,0
NFATc1,0,1
NFRKB,0,1
NFκβ,0,0
NICD,13,0
NIK,1,2
NLK,1,0
NLRC4,1,0
NLRP1,0,1
NLRP3,1,0
NLRPs/AIM2/NLRC4/NALP1,0,1
NLRX1,0,1
NMDAR,8,0
nNos,1,0
NOS,3,0
Notch,13,0
NOX2,4,0
Noxa,1,0
Nprl2,0,1
Nprl3,0,1
NR,0,0
NRF2,0,1
"NSD1/KMT3B (Me1,2",0,1
"NSD1/KMT3B (Me1,2)",0,1
"NSD2/KMT3G (Me1,2)",0,1
"NSD3/KMT3F (Me1,2)",0,1
NUMB,1,0
Nup358,1,0
Nur77,1,0
NuRD,9,0
NuRD Complex,0,0
NURF,4,0
O-Fut,0,0
OAS,4,0
Occludin,1,0
Oct-2,0,0
Oct-4,0,0
OMA1,0,1
ON,0,1
OPA1,0,1
OPTN,0,1
Osteonectin,1,0
Osteopontin,0,0
OTUB1/2,0,1
P-TEFb,0,0
p120,0,0
p120 ras-GAP,0,1
p130,1,0
p130 Cas,1,0
p15,0,0
p15 INK4B,0,0
p150,0,0
p16,1,0
p16 INK4A,0,0
p18 INK4C,1,0
p19 INK4D,0,0
p190,2,0
p19Arf,0,1
p21,1,0
p21 cip1,1,0
p21 Warf1/Cip1,0,2
p25,0,0
p27,0,1
p27 Kip1,1,1
P2X7,1,0
p300,1,1
p300/CBP,0,1
p300/KAT3B,0,1
p300/PCAF,0,1
p35,0,0
p38,4,1
p38 MAPK,4,1
P38/MAPK,0,1
p47phox,0,0
p52,0,0
p53,1,0
p62,0,0
p65/,0,1
p65/RelA,0,1
p65/ReLA NF-KB,0,1
p66α/β,0,0
p70 S6K,2,2
p70S6K,2,2
p85,0,0
p90RSK,2,0
PABP,1,1
PAI-1,0,0
PAIP1,1,0
PAIP2,1,0
PAK,3,0
PAK1,1,0
PAK2,1,0
PALB2,1,0
PAP,0,2
PAR,0,0
PAR-1,0,0
Par1,1,0
Par3,2,0
Par3/6,0,2
Par6,3,0
PARG,1,0
PARIS,0,1
PARK9,0,1
Parkin,1,0
PARL,0,1
PARP,1,0
PARP1,1,0
Pax,0,0
Pax6,1,0
Paxillin,2,0
PBRM1,0,1
PC,0,1
PCAF,1,1
PCAF/KAT2B,0,1
PCNA,1,1
"PCNA, H2A, etc.",0,1
PDCD4,1,0
PDE3B,0,1
PDGF,0,0
PDGFR,3,0
PDGFR-β,0,1
PDHK,0,0
PDK1,1,1
PEA-15,0,0
Pellino,0,0
PEPCK,0,0
PERK,1,1
PFK,0,0
PFKFB2,0,1
PFKFB3,0,1
PGC-1,0,2
PGC-1-,0,2
PGC-1α,0,2
PGC1α,0,2
PGF,0,1
PHDs,3,0
PHF10,0,1
"PHF8/KDM7B (Me1,2)",0,1
"PHF8/KDM7B (Me2,3)",0,1
PHGDH,0,1
PHLPP1/2,0,1
PI3K,6,7
PI3K I,0,7
"PI3K I,II",0,1
"PI3K II,III",0,1
PI3K III,0,7
PI3Kα,6,0
PI3Kγ,6,7
PI4K,1,0
PI4K II,1,0
"PI4K II,III",1,0
PI5K,7,0
PIAS,4,0
PIAS1,1,0
PIASg,1,0
PICALM,1,0
PICK1,0,1
PIDD,1,0
PIK FYVE,0,1
Pim-1,0,0
PIN,0,0
PINK,0,0
PINK1,1,1
PIP5K,7,0
PIP5K I,0,0
PIR-B,0,0
Pit1,0,2
PIX,2,0
PKA,7,0
PKA C,1,0
PKC,3,8
PKC,1,0
PKC,0,8
PKC Family,0,8
PKC-/-,0,8
PKCB1,0,0
PKCα,0,8
PKCα/βII,4,0
PKCδ,4,0
PKCζ,0,8
PKCζ/λ,4,0
PKCθ,4,0
PKCμ,4,0
PKD1,1,0
PKG,0,0
PKM-2,0,0
PKM2,0,1
PKR,1,0
PLC,15,0
PLCg,2,0
PLCβ,0,0
PLCβ3,0,0
PLCγ,0,0
PLCγ1,0,0
PLCγ2,0,0
PLCλ,0,0
PLD1,1,0
PlexinA,4,0
PLK1,1,0
PLK1/2/3/4,0,1
PNKP,1,0
POL,0,0
POLB,0,1
POLII,0,0
POLII/POLR2,0,1
Polycomb,0,0
Porc,0,1
POSH,1,0
POT1,1,0
PP1,3,0
PP1/PP2At,0,0
PP2A,2,0
PP2B,0,0
PPAR,0,1
PPARα,0,1
PPARγ,0,1
PPM1B,0,1
PRAK,0,1
PRAS40,1,1
pRB,0,1
PRC1,0,1
PRC2,0,0
PRDM16/KMT8F (Me1),0,1
"PRDM2/KMT8A (Me1,2,3)",0,1
PRDM3/KMT8E (Me1),0,1
PRDM8/KMT8D (Me1),0,1
PRDM9/KMT8B (Me2),0,1
PRK1,1,1
PRMT/CARM,0,0
PRMT1 (Me2a),0,1
PRMT5 (Me2s),0,1
PRMT6 (Me2a),0,1
Pro-caspase 8,0,0
Pro-caspase-1,0,0
Pro-Caspase1,0,0
Pro-caspase4/5/11,0,0
Pro-IL-18,0,0
Pro-IL-1β,0,0
Profilin,2,0
Prohibitin2,0,0
PRP4K,0,1
PRR5,1,1
PSD-95,0,0
PSD95,1,0
PSEN1,1,0
PSEN2,1,0
PTCH1,1,0
PTEN,1,0
PTP,0,0
PTP1B,1,0
PTPN14,0,1
PTPδ,0,0
Puma,1,0
PUS1/3,0,1
Pygo,2,0
Pyk2,1,0
Pyruvate Dehydrogenase,0,0
R-spondins,0,0
Rab,0,1
Rab10,0,1
Rab5,0,1
Rab7,0,1
Rab7L1,0,1
Rab8,0,1
Rac,3,1
Rac/cdc42,0,1
Rac/Rho/cdc42,0,1
Rac1,3,0
Rac1/ Cdc42,2,0
RACK1,1,0
Rad17/RFC,1,0
Rad18,1,0
RAD50,1,0
RAD51,1,0
Rad52,1,0
Rad6,1,0
Raf,1,3
Rag A/B,0,2
Rag C/D,0,2
RagA/B,0,2
RagC/D,0,2
RaIA,0,0
RAIDD,1,0
"RanGAP, TK, DHFR,",0,1
RANTES,0,0
Rap,0,0
Rap1,2,1
RapL,1,0
Raptor,1,1
RARα,0,3
Ras,4,3
Ras GAP,0,1
Ras GRP,0,1
RasGAP,0,1
RasGEF SOS,0,0
RasGRF,0,0
RasGRP,4,1
RASSF,3,0
Rb,0,1
RBAP46,0,1
RBAP48,0,1
RBM15,0,1
RBM15/RBM15B,0,1
Rbx1,1,1
Receptor,0,1
REDD1,1,1
REDD1/2,0,1
Rel,3,0
RelA,0,1
RelA/cRel,0,1
RelB,1,0
Reprimo,1,0
RGS,0,1
Rheb,1,0
Rho,23,1
Rho-GDI,0,3
RhoA,1,1
RhoGEF,4,0
Riam,1,0
Rictor,1,0
RIG-I,0,0
RIM,0,0
RIM-BP,0,0
RIN3,1,0
"Ring1A,B",0,1
RIP,3,4
RIP1,1,1
RIP3,1,0
RIPK1,1,0
RIPK1/RIPK3,1,0
RIPK3,1,0
RNA Pol II,0,1
RNA Pol III,0,0
RNA POLII,0,0
RNase L,1,0
RNF20,0,1
RNF40,0,1
RNF43,0,1
RNF5,0,1
RNGTT,0,1
RNMT,0,1
ROBO,4,0
ROBO1/2,0,1
ROBO3,1,0
ROCK,2,0
ROCK1,1,0
RPA,1,0
RPS28B,0,0
rpS6,0,1
RSK,2,0
RSK1,1,0
Rubicon,0,0
RUNX,2,0
"RUVBL1,2",0,1
S1P,0,1
S2P,0,1
S6,0,0
S6K,0,2
SA--GAL,0,1
Sac 3,0,1
Sac1,2,0
SAHF,0,0
SARA,1,2
SARM1,1,0
Sas3/KAT6,0,0
SASP,0,1
SAV1,1,0
SBP,0,1
SCF,5,1
SCUBE2,0,1
SDF1,0,1
Sec13,0,1
Seh1L,0,1
Sema1a,0,0
Serpine(PAI-1),0,0
SERT,0,1
Sestrin-1/2,0,2
"SET1A/B (Me1,2,3)",0,1
Set7/9,0,1
"SET7/KMT7 (Me1,2,3)",0,1
SET8/KMT5A (Me1),0,1
SETD2/KMT3A (Me3),0,1
SETDB1,0,1
SFRP,5,0
SGK,0,1
SGK1,1,0
SH2D1A,1,0
SHANK,1,0
SHARP,1,0
SHARPIN,1,0
Shc,4,1
Shc/FRS2/IRS,0,1
Shh,1,0
SHIP,2,0
SHIP1,2,0
"SHIP1,2",0,1
SHP-1,0,0
SHP-2,0,0
SHP1,0,0
SHP2,0,0
SIK2,0,1
Sin1,1,0
Sin3,0,0
Sin3A,0,1
SINTBAD,1,0
SirT1,1,1
SirT2,1,1
SirT3,1,0
SirT4,1,0
SirT6,0,1
SirT7,0,1
Sirtuins,0,0
"SJN1,2/OCRL/Type IV 5-ptase",0,1
SKAR,1,0
SKIP,3,0
Skn,1,0
Skp,0,0
Skp1,0,1
Skp2,0,1
SLC7A5/LAT1,0,1
SLITRK3,0,1
SLMAP,0,1
SLP-76,0,0
Slug,1,0
Smac,1,0
Smac/Diablo,0,1
Smad1,8,0
Smad1/5/9,0,1
Smad2,1,0
Smad2/3,0,1
Smad3,1,0
Smad4,1,1
Smad5,1,0
SMAD6/7,0,1
Smad7,1,1
Smad8/9,0,1
SMADs,0,0
SMO,1,0
SMRT,1,0
Smurf1,1,1
Smurf1/2,0,1
Smurf2,1,1
"SMYD2/KMT2C (Me1,2)",0,1
Snail,3,0
Snail1,0,0
SNAP25,0,1
SNF2H,0,1
SNF2L,0,1
SOCS,0,0
SOCS1,1,0
SOCS3,1,0
SORL1,1,0
SOS,2,0
Sos1,2,0
Sox10,1,0
Sox2,1,0
Sox9,1,0
SPARC,1,0
Spred,3,0
Spred1,1,0
Spry,4,0
SQSTM1/p62,0,1
SR,0,0
Src,1,1
SRC-3,0,0
Src-like,0,0
SRC1/2,0,2
SRC1/NCOA1,0,1
SREBP,0,0
SREBP-1,0,1
SRF,1,0
SS18/L1,0,1
SS18/L1*,0,1
SSH,3,0
ST2L,1,0
Stat,4,1
Stat1,1,0
Stat1/3,0,1
STAT3,1,0
Stathmin,4,0
STIM1,1,0
STING,1,0
STRAD,0,1
STRIPAK,0,0
SUFU,1,0
Survivin,4,0
SUV 39h,0,1
SUV39H1,1,1
"SUV39H1/KMT1A (Me1,2)",0,1
"SUV39H1/KMT1A (Me2,3)",0,1
"SUV39H2/KMT1B (Me1,2)",0,1
"SUV420H1/KMT5B (Me2,3)",0,1
"SUV420H2/KMT5C (Me2,3)",0,1
Syk,1,1
Synapsins,0,0
SynGAP,1,0
Synip,0,0
Syntaxin 1,0,0
Syntaxin1,0,0
Syntrophin,0,0
SYT1,0,1
TA,0,1
TAB,3,0
TAB1,1,0
TAB1/2,0,1
TAB2,1,0
TACE,1,0
TAF1/KAT4,0,1
TAK1,1,0
TAK1/MLK3/MEKK1,0,1
Tal,0,2
Talin,3,0
TANK,2,0
Tankyrase,2,0
TAO1/2/3,0,3
TAOK,3,0
TARP,0,1
Tau,1,1
Tax,1,0
TAX1BP1,0,1
TAZ,1,1
TBC1D1,0,1
TBC1D7,0,1
tBID,1,0
TBK1,1,1
TBP,1,1
TBX5,0,1
TC10,0,1
TCEB1,1,0
TCEB2,1,0
TCF,1,0
TCF1/LEF1,0,1
TCF3,0,1
TCFs,0,0
TCPβ,0,0
TCR,0,0
TEAD,4,0
TEADs,0,0
Tenascin-C,0,0
TESK,2,0
TET1/2/3,0,1
TF,0,1
TFEB,1,0
TFIIA,3,0
TFIIB,0,1
TFIID,19,0
TFIIE,2,0
TFIIF,0,0
TFIIH,7,0
TFIIIC90/KAT12,0,0
TFPT,0,1
TGF-βR1,0,1
TGF-βR2,0,0
TH,0,1
Tiam1,1,0
Tie2,1,0
TIF1A,1,0
TIGAR,0,1
TIM,0,2
TIMP,3,0
TIMP1,1,0
Tip Cell,0,1
TIP60,1,0
Tip60/KAT5,0,1
TIRAP,1,0
TLR,0,0
TLR1,1,0
TLR11,1,0
TLR2,1,0
TLR3,1,0
TLR4,1,0
TLR5,1,0
TLR6,1,0
TLR7,1,0
TLR8,1,0
TLR9,1,0
TLRs,1,0
TM,1,0
TMEPAI,0,1
Tmod,4,0
TNF,0,1
TNF-R1,0,0
TNF-R2,0,0
TNF-α,0,1
TNFR,1,0
TNFR1,0,1
TNS3,1,0
TNS4,1,0
TOLLIP,1,0
TOM,0,0
TOPB1,0,1
Topo II,0,1
Torc2,0,1
Tpl2,1,0
Tpl2/Cot1,0,1
TPPP,1,0
TRADD,1,0
TRAF,2,0
TRAF1,1,0
TRAF2,3,1
TRAF2/5,2,0
TRAF2/5/6,0,1
TRAF2/6,2,0
TRAF3,1,0
TRAF4/6,0,1
TRAF6,1,0
TRAM,1,0
TREM2,1,0
TREX,0,0
TREX1,1,0
TRF2,1,0
TRIAD3A,1,0
TRIF,1,0
TRIM21,1,0
TRIM25,1,0
TRIM32,0,1
TRIM56,0,1
Trio,1,0
TRIP12,1,0
Tropomyosins,3,0
TSAd,1,0
TSC1,1,0
TSC2,1,0
TSPAN14,1,0
Twist1,1,0
TXNIP,0,1
Tyrosine Hydroxylase,0,0
U1,0,0
U2/SF,0,0
U4/U5/U6,0,0
ubc13,1,0
UBF,1,0
UCHL5,0,1
UCP2,0,1
UEV1A,0,0
UHRF1,0,1
ULK,0,3
ULK1,1,1
UNC93B1,0,1
USF,0,1
USP4/11/15,0,1
"UTX/KDM6A (Me2,3)",0,1
VAMP,0,0
VAMP2,0,1
VASP,1,0
Vav,3,0
Vav1,1,0
VAV2/3,2,0
VDAC,0,1
VE-Cadherin,0,0
VEGF,0,1
VEGFR2,1,1
Versican,1,0
VHL,0,1
Vimentin,1,0
Vinculin,1,0
VIRMA,0,1
Vitronectin,1,0
VPS35,0,1
WASP,1,0
WAVE,2,0
WAVE-2,0,0
WDR24,0,1
WDR59,0,1
WEE1,1,0
WIF,1,0
WIP1,1,0
WLS,0,1
Wnt,17,0
Wnt5A,1,0
Wnt5B,1,0
WTAP,0,1
WTX,1,0
Xbp1s,0,0
XIAP,1,0
XLF,1,0
XM1,0,0
XMAP215,1,0
XPA,1,0
XPC,1,0
XPG,1,0
XRC1,0,0
XRCC1,1,0
XRCC4,1,0
XRN1,0,1
Y-H2A.X,0,1
YAP,1,0
YAP/TAZ,0,1
YB1,1,0
Yes,1,0
YES1,0,1
YTHDC1,0,1
YTHDC2,0,1
YTHDF1,0,1
YTHDF2,0,1
YTHDF3,0,1
YY1,0,1
Zap-70,0,0
Zap70,0,1
ZBP1,2,0
ZC3H13,0,1
ZCCHC4,0,1
ZEB1/2,0,1
ZNRF3,0,1
ZO-2,0,0
α-Adaptin,0,0
α-cat,0,1
α-Catenin,0,0
α-Fodrin,0,0
α-Importin,0,0
α-Secretase,0,0
α-Secretase (ADAM 10/17),0,0
α-Syn,0,1
α-Synuclein,0,0
"β,γ",0,0
β-actin,0,0
β-Arrestin,0,0
β-Arrestin1,0,0
β-cat,0,1
β-catenin,0,0
β-Secretase,0,0
β-Secretase (BACE1/2),0,1
β-TrCP,0,0
γ-cat,0,1
γ-Sec,0,0
γ-Secretase,5,0
δ-cat,0,1
